{"n_iters": 1000, "AUC of ROC": {"value": 0.9739090921954134, "mean": 0.9738943472303898, "median": 0.9738865133791696, "std": 0.0007237136161956521, "2.5% percentile": 0.972508941032835, "97.5% percentile": 0.9753272937884595}, "AUC of PRC": {"value": 0.6618952145824266, "mean": 0.6617745555662592, "median": 0.6618872305042258, "std": 0.004989698814323111, "2.5% percentile": 0.6520301183066587, "97.5% percentile": 0.6711265231738128}, "min(+P, Se)": {"value": 0.6320355261799029, "mean": 0.631913664422905, "median": 0.6319250231723812, "std": 0.00420265911512274, "2.5% percentile": 0.6234951166050654, "97.5% percentile": 0.6397244132998967}}