{"n_iters": 10000, "AUC of ROC": {"value": 0.9112130367679757, "mean": 0.9112535300176166, "median": 0.9112996699242186, "std": 0.006903837493168817, "2.5% percentile": 0.8974954330575347, "97.5% percentile": 0.924703315631516}, "AUC of PRC": {"value": 0.6315245294680444, "mean": 0.631651434197055, "median": 0.6320235262551672, "std": 0.024684910434830693, "2.5% percentile": 0.5827374879706506, "97.5% percentile": 0.6787559230725596}, "min(+P, Se)": {"value": 0.5641711229946524, "mean": 0.5662487529522344, "median": 0.56657223796034, "std": 0.0213587778056261, "2.5% percentile": 0.5236686390532544, "97.5% percentile": 0.6072290713240559}}