{"n_iters": 1000, "Kappa": {"value": 0.7838902210508072, "mean": 0.783905694169398, "median": 0.7838982142369606, "std": 0.0005296421980965728, "2.5% percentile": 0.782920437930962, "97.5% percentile": 0.7849590755689556}, "MAD": {"value": 54.60071161607505, "mean": 54.59799571810339, "median": 54.59522238256634, "std": 0.17247982939326922, "2.5% percentile": 54.26352354940256, "97.5% percentile": 54.954604614574535}, "MSE": {"value": 20219.296530736938, "mean": 20218.92076951369, "median": 20215.01126260375, "std": 159.90024460390998, "2.5% percentile": 19906.42066281726, "97.5% percentile": 20542.5025595739}, "MAPE": {"value": 38.243883424789516, "mean": 38.24805541186165, "median": 38.225053534255295, "std": 0.4524789975992022, "2.5% percentile": 37.40953286994118, "97.5% percentile": 39.19970112517353}}