{"n_iters": 10000, "Macro ROC AUC": {"value": 0.8042022772382558, "mean": 0.8041812654430202, "median": 0.8041821370669562, "std": 0.0021103697207308808, "2.5% percentile": 0.8000533131097939, "97.5% percentile": 0.8083345772394747}, "Micro ROC AUC": {"value": 0.8399706080687683, "mean": 0.8399620307536252, "median": 0.8399772788345724, "std": 0.0015409135160013032, "2.5% percentile": 0.8369364419745206, "97.5% percentile": 0.842939425941749}, "Weighted ROC AUC": {"value": 0.8010445369517077, "mean": 0.8010424379319524, "median": 0.8010528854193151, "std": 0.0019010695217980763, "2.5% percentile": 0.7973303421367036, "97.5% percentile": 0.8047146348893416}, "Macro AUPRC": {"value": 0.49730887494562565, "mean": 0.4982888328611164, "median": 0.49832408379119003, "std": 0.003750678515522274, "2.5% percentile": 0.49093961091772775, "97.5% percentile": 0.5056848770205518}, "Micro AUPRC": {"value": 0.5426007958129279, "mean": 0.5426915713811501, "median": 0.5427387381726845, "std": 0.0036171936808215522, "2.5% percentile": 0.5356898892788542, "97.5% percentile": 0.5497919389366834}, "ROC AUC of task 1": {"value": 0.9050369206717818, "mean": 0.9050704643422754, "median": 0.9051399450130184, "std": 0.004616334746287137, "2.5% percentile": 0.8959680513600159, "97.5% percentile": 0.9139675952080716}, "AUPRC of task 1": {"value": 0.7381620352416145, "mean": 0.738300132336205, "median": 0.7385984599494699, "std": 0.012640679378738556, "2.5% percentile": 0.7131651204205557, "97.5% percentile": 0.7627124326812689}, "ROC AUC of task 2": {"value": 0.8873655649550789, "mean": 0.8873958902962953, "median": 0.8875016568530584, "std": 0.011038288224818652, "2.5% percentile": 0.8651653330137515, "97.5% percentile": 0.9084995702960504}, "AUPRC of task 2": {"value": 0.6171417715304156, "mean": 0.6172199975430033, "median": 0.6178227547080857, "std": 0.02487815853936, "2.5% percentile": 0.5672809525662809, "97.5% percentile": 0.6643179659116768}, "ROC AUC of task 3": {"value": 0.8686176754693875, "mean": 0.868599086803843, "median": 0.868726643059627, "std": 0.00697173551889616, "2.5% percentile": 0.8546253720005726, "97.5% percentile": 0.8820564469036334}, "AUPRC of task 3": {"value": 0.5216044933813089, "mean": 0.5219510514905844, "median": 0.5221257566782606, "std": 0.02028278832272502, "2.5% percentile": 0.4814289535044585, "97.5% percentile": 0.5615079454449445}, "ROC AUC of task 4": {"value": 0.8182584683059215, "mean": 0.8183178333519064, "median": 0.818422055231291, "std": 0.005813988672411447, "2.5% percentile": 0.8065696215002699, "97.5% percentile": 0.829231641925393}, "AUPRC of task 4": {"value": 0.7265191091072386, "mean": 0.7267543951842331, "median": 0.7269535770646283, "std": 0.009628090024532184, "2.5% percentile": 0.7075440181126555, "97.5% percentile": 0.7451436847507016}, "ROC AUC of task 5": {"value": 0.9029247022152758, "mean": 0.9027905461643914, "median": 0.9027779612716462, "std": 0.005591105845071066, "2.5% percentile": 0.8917217905804263, "97.5% percentile": 0.9136662495351066}, "AUPRC of task 5": {"value": 0.6163371667945523, "mean": 0.6160810329167588, "median": 0.6160436036346588, "std": 0.018509327291440798, "2.5% percentile": 0.5797698371775024, "97.5% percentile": 0.6517885646027683}, "ROC AUC of task 6": {"value": 0.7573995173991988, "mean": 0.7574740328024738, "median": 0.7574709830256064, "std": 0.00881587528006095, "2.5% percentile": 0.7404069365932644, "97.5% percentile": 0.7746178335886471}, "AUPRC of task 6": {"value": 0.3327725205307953, "mean": 0.33343201872212913, "median": 0.3333217524335664, "std": 0.01701154351189204, "2.5% percentile": 0.3000506609043194, "97.5% percentile": 0.366849874459921}, "ROC AUC of task 7": {"value": 0.6969884939430585, "mean": 0.6967950761530541, "median": 0.6969384008239853, "std": 0.008401543182365818, "2.5% percentile": 0.6801828594831726, "97.5% percentile": 0.7131941352105032}, "AUPRC of task 7": {"value": 0.40466999448347984, "mean": 0.4047732428934401, "median": 0.40472011051764933, "std": 0.01373536280249724, "2.5% percentile": 0.37830809314805397, "97.5% percentile": 0.4318501799037629}, "ROC AUC of task 8": {"value": 0.8349277366239869, "mean": 0.8349518200884531, "median": 0.8351916733385478, "std": 0.011574796643292588, "2.5% percentile": 0.8114282892549297, "97.5% percentile": 0.8570659032671195}, "AUPRC of task 8": {"value": 0.45165349143776046, "mean": 0.45236430963070917, "median": 0.4524859727886864, "std": 0.026386017250094936, "2.5% percentile": 0.4007784906249995, "97.5% percentile": 0.5042416042280855}, "ROC AUC of task 9": {"value": 0.8065094671100241, "mean": 0.8064843729677906, "median": 0.8066218658786206, "std": 0.006317370926253355, "2.5% percentile": 0.7940551344851202, "97.5% percentile": 0.8188231621856925}, "AUPRC of task 9": {"value": 0.6374597015454647, "mean": 0.6373569168231755, "median": 0.6374610439642399, "std": 0.012355925288166683, "2.5% percentile": 0.6129346436619548, "97.5% percentile": 0.6614048245843356}, "ROC AUC of task 10": {"value": 0.8433829577138877, "mean": 0.8434369616621232, "median": 0.8434677111997901, "std": 0.005074370895230353, "2.5% percentile": 0.833462249015401, "97.5% percentile": 0.8532379548758975}, "AUPRC of task 10": {"value": 0.7262664183565828, "mean": 0.7264437524592677, "median": 0.726521546368099, "std": 0.010375852562448972, "2.5% percentile": 0.7055447273247012, "97.5% percentile": 0.7464611132730318}, "ROC AUC of task 11": {"value": 0.8046335037275595, "mean": 0.8047450902603221, "median": 0.8048031995166978, "std": 0.00998544342946572, "2.5% percentile": 0.7849422887224229, "97.5% percentile": 0.8240594579082211}, "AUPRC of task 11": {"value": 0.34307731251943174, "mean": 0.3441727484822329, "median": 0.34383751533126916, "std": 0.020149349308915997, "2.5% percentile": 0.3056213218360756, "97.5% percentile": 0.38490891462673904}, "ROC AUC of task 12": {"value": 0.6960668741677492, "mean": 0.6961799737582793, "median": 0.6962084958861432, "std": 0.008151662057129756, "2.5% percentile": 0.6800775158091885, "97.5% percentile": 0.7119784523188964}, "AUPRC of task 12": {"value": 0.3604199738024074, "mean": 0.36114238896724615, "median": 0.3609412744343546, "std": 0.01394172264453645, "2.5% percentile": 0.33368312621946794, "97.5% percentile": 0.38869882337430783}, "ROC AUC of task 13": {"value": 0.7547261320244083, "mean": 0.7547498737500447, "median": 0.7547866565602298, "std": 0.006607240904346885, "2.5% percentile": 0.7418382376548626, "97.5% percentile": 0.7675639829205343}, "AUPRC of task 13": {"value": 0.5445332883899057, "mean": 0.5452375139932824, "median": 0.5453285544985659, "std": 0.012848056709767361, "2.5% percentile": 0.5197129772559322, "97.5% percentile": 0.5702269162948765}, "ROC AUC of task 14": {"value": 0.7134605183026883, "mean": 0.713507528015874, "median": 0.7136010516808733, "std": 0.006469463513401785, "2.5% percentile": 0.7007425536440647, "97.5% percentile": 0.7261082712338794}, "AUPRC of task 14": {"value": 0.6211079895598861, "mean": 0.6212821574714305, "median": 0.6212323141069767, "std": 0.010382800706358419, "2.5% percentile": 0.6008050204603685, "97.5% percentile": 0.6416311979910649}, "ROC AUC of task 15": {"value": 0.7718551125759079, "mean": 0.7718191786542294, "median": 0.7718489751623633, "std": 0.006520721892996046, "2.5% percentile": 0.7590898718525405, "97.5% percentile": 0.78458910051489}, "AUPRC of task 15": {"value": 0.5438940529381747, "mean": 0.5442709689488795, "median": 0.5443661048569708, "std": 0.013329128322565482, "2.5% percentile": 0.5179719044683403, "97.5% percentile": 0.5700521563949652}, "ROC AUC of task 16": {"value": 0.8446454958597039, "mean": 0.8445910768716094, "median": 0.8446880788045562, "std": 0.010295375267298314, "2.5% percentile": 0.8241676522102535, "97.5% percentile": 0.8644050345367551}, "AUPRC of task 16": {"value": 0.4214122554962701, "mean": 0.42214674065650704, "median": 0.4219477051560385, "std": 0.023687913160687187,